id,name,surname,dateOfBirth,country,address,houseNumber,postalNumber,city,phoneNumber,email,password,status
0,Sabina,Mlinariè,29.11.1991,Slovenia,Gornji Ivanjci,8a,9245,Spodnji Ivanjci,040432997,sparapp1@mailinator.com,Adgjadgj1,success
1,Janez,Novak,12.5.1987,Slovenia,GregorÄiÄeva,16,2000,Maribor,+38640896157,test1@mailinator.com,Adgjadgj1,Success,64537243
2,Marija,KovaÄiÄ,22.11.1933,Slovenia,TrojiÅ¡ki trg,48b,2235,Sveta Trojica v Slovenskih goricah,+38640927366,test2@mailinator.com,Adgjadgj1,Success,46874087
3,Branko,BenedejÄiÄ,13.6.1988,Slovenia,Ulica Å¡kofa Maksimilijana DrÅ¾eÄnika,136c,2000,Maribor,+38640051021,test3@mailinator.com,Adgjadgj1,Success,86301777
4,Martina,Bogataj,29.2.1980,Slovenia,Cankarjeva ulica,99,1000,Ljubljana,+38640245741,test4@mailinator.com,Adgjadgj1,Success,710647364
5,Rok,RobeÅ¾nik Savnik Grom,30.3.1981,Austria,Ljubljanska,15Å¾,2000,Maribor,+38640814814,test5@mailinator.com,Adgjadgj3,Success,71174485 
6,Å pela M. Anita,GroÅ¡elj,31.5.1982,Slovenia,Gosposvetska,1,2000,Maribor,+38640588023,test6@mailinator.com,Adgjadgj1,Success,92833452
7,Anej Gal,Habjan,1.6.1983,Austria,VraÅ¾dinska cesta,16c,42000,VaraÅ¾din,+38640543849,test7@mailinator.com,Adgjadgj1,Success,26209354
8,Janez,Novak,12.5.1987,Slovenia,GregorÄiÄeva,16,2000,Maribor,+38640826712,test8@mailinator.com,Adgjadgj1,Success,86222985
9,Marija,KovaÄiÄ,22.11.1933,Slovenia,TrojiÅ¡ki trg,48b,2235,Sveta Trojica v Slovenskih goricah,+38640850033,test9@mailinator.com,Adgjadgj1,Success,15423177
10,Branko,BenedejÄiÄ,13.6.1988,Slovenia,Ulica Å¡kofa Maksimilijana DrÅ¾eÄnika,136c,2000,Maribor,+38640950809,test10@mailinator.com,Adgjadgj1,Success,
14,Martina,Bogataj,29.2.1980,Slovenia,Cankarjeva ulica,99,1000,Ljubljana,+38640313280,test11@mailinator.com,Adgjadgj1,Success
15,Janez1,Novak1,12.5.1987,Slovenia,GregorÄiÄeva,nn,2000,Maribor,+38640775955,test15@mailinator.com,Adgjadgj1,Success,11155743
